time,predicted_kw,actual_kw
2017-09-12 00:00:00,507.35,549.57
2017-09-12 01:00:00,484.21,552.31
2017-09-12 02:00:00,489.66,517.08
2017-09-12 03:00:00,492.56,481.17
2017-09-12 04:00:00,518.17,446.73
2017-09-12 05:00:00,604.62,522.94
2017-09-12 06:00:00,777.0,788.3
2017-09-12 07:00:00,864.36,882.28
2017-09-12 08:00:00,935.78,955.49
2017-09-12 09:00:00,986.76,1006.53
2017-09-12 10:00:00,1014.25,1057.56
2017-09-12 11:00:00,1039.04,1108.6
2017-09-12 12:00:00,1044.68,1082.74
2017-09-12 13:00:00,1031.09,1194.44
2017-09-12 14:00:00,1029.34,1231.59
2017-09-12 15:00:00,1044.3,1094.92
2017-09-12 16:00:00,1024.95,1038.18
2017-09-12 17:00:00,994.77,979.99
2017-09-12 18:00:00,983.71,1043.4
2017-09-12 19:00:00,970.29,926.5
2017-09-12 20:00:00,915.25,935.59
2017-09-12 21:00:00,838.63,828.01
2017-09-12 22:00:00,773.34,751.93
2017-09-12 23:00:00,689.4,796.36
